OID_,Name,FolderPath,SymbolID,AltMode,Base,Clamped,Extruded,Snippet,PopupInfo,Shape_Leng,Shape_Area,zone_id,accessibility_score,commercial_score,road_density,population,dump_risk
0,Ward 174,BBMP Wards,21,0,0.0,-1,0,,Ward Name: HSR Layout<br>Zone: Bommanahalli <br>Division: Bommanahalli<br>Subdivision: Bommanahalli<br>Assembly (MLA) Constituency : Bommanahalli<br>Parliament (MP) Constituency: Bangalore South,0.16257322725,0.00058695748,1,0.04304694274714594,0.0666754888291138,8631.065062629159,0.7172118584400958,0.13890961466994098
0,Ward 174,BBMP Wards,21,0,0.0,-1,0,,Ward Name: HSR Layout<br>Zone: Bommanahalli <br>Division: Bommanahalli<br>Subdivision: Bommanahalli<br>Assembly (MLA) Constituency : Bommanahalli<br>Parliament (MP) Constituency: Bangalore South,0.16257322725,0.00058695748,2,0.40005373609733924,0.44601555398151277,4425.100802169841,0.3677106761540528,0.1340364194533108
0,Ward 174,BBMP Wards,21,0,0.0,-1,0,,Ward Name: HSR Layout<br>Zone: Bommanahalli <br>Division: Bommanahalli<br>Subdivision: Bommanahalli<br>Assembly (MLA) Constituency : Bommanahalli<br>Parliament (MP) Constituency: Bangalore South,0.16257322725,0.00058695748,3,0.546952481252638,0.5807896655531577,5406.882310597646,0.4492933470216888,0.1258871009308415
0,Ward 174,BBMP Wards,21,0,0.0,-1,0,,Ward Name: HSR Layout<br>Zone: Bommanahalli <br>Division: Bommanahalli<br>Subdivision: Bommanahalli<br>Assembly (MLA) Constituency : Bommanahalli<br>Parliament (MP) Constituency: Bangalore South,0.16257322725,0.00058695748,4,0.22283712135454897,0.2640777272329876,4474.410845464479,0.3718081713686627,0.14923235857877393
0,Ward 174,BBMP Wards,21,0,0.0,-1,0,,Ward Name: HSR Layout<br>Zone: Bommanahalli <br>Division: Bommanahalli<br>Subdivision: Bommanahalli<br>Assembly (MLA) Constituency : Bommanahalli<br>Parliament (MP) Constituency: Bangalore South,0.16257322725,0.00058695748,5,0.5064652919015895,0.26411394374530717,3927.0822571262534,0.32632704578670857,0.16262983048781007
0,Ward 174,BBMP Wards,21,0,0.0,-1,0,,Ward Name: HSR Layout<br>Zone: Bommanahalli <br>Division: Bommanahalli<br>Subdivision: Bommanahalli<br>Assembly (MLA) Constituency : Bommanahalli<br>Parliament (MP) Constituency: Bangalore South,0.16257322725,0.00058695748,6,0.5227121388068495,0.0,3752.19523927496,0.3117945353514363,0.17276042682498158
0,Ward 174,BBMP Wards,21,0,0.0,-1,0,,Ward Name: HSR Layout<br>Zone: Bommanahalli <br>Division: Bommanahalli<br>Subdivision: Bommanahalli<br>Assembly (MLA) Constituency : Bommanahalli<br>Parliament (MP) Constituency: Bangalore South,0.16257322725,0.00058695748,7,0.4307990328111801,0.2925727240054603,5177.746042804735,0.4302529102659357,0.1660351033244409
0,Ward 174,BBMP Wards,21,0,0.0,-1,0,,Ward Name: HSR Layout<br>Zone: Bommanahalli <br>Division: Bommanahalli<br>Subdivision: Bommanahalli<br>Assembly (MLA) Constituency : Bommanahalli<br>Parliament (MP) Constituency: Bangalore South,0.16257322725,0.00058695748,8,0.03966032172489747,0.031535640357148134,8237.418176611442,0.6845011544144304,0.11433402082806406
0,Ward 174,BBMP Wards,21,0,0.0,-1,0,,Ward Name: HSR Layout<br>Zone: Bommanahalli <br>Division: Bommanahalli<br>Subdivision: Bommanahalli<br>Assembly (MLA) Constituency : Bommanahalli<br>Parliament (MP) Constituency: Bangalore South,0.16257322725,0.00058695748,9,0.551374692332185,0.5061125847113767,4643.589324650532,0.38586632185005143,0.13157816070991044
0,Ward 174,BBMP Wards,21,0,0.0,-1,0,,Ward Name: HSR Layout<br>Zone: Bommanahalli <br>Division: Bommanahalli<br>Subdivision: Bommanahalli<br>Assembly (MLA) Constituency : Bommanahalli<br>Parliament (MP) Constituency: Bangalore South,0.16257322725,0.00058695748,10,0.595437102354636,0.0815926340671196,3217.430128756479,0.2673573916199476,0.16622524052359602
0,Ward 174,BBMP Wards,21,0,0.0,-1,0,,Ward Name: HSR Layout<br>Zone: Bommanahalli <br>Division: Bommanahalli<br>Subdivision: Bommanahalli<br>Assembly (MLA) Constituency : Bommanahalli<br>Parliament (MP) Constituency: Bangalore South,0.16257322725,0.00058695748,11,0.5895608765682139,0.0,4842.871612165508,0.40242599539505325,0.22603699627887588
0,Ward 174,BBMP Wards,21,0,0.0,-1,0,,Ward Name: HSR Layout<br>Zone: Bommanahalli <br>Division: Bommanahalli<br>Subdivision: Bommanahalli<br>Assembly (MLA) Constituency : Bommanahalli<br>Parliament (MP) Constituency: Bangalore South,0.16257322725,0.00058695748,12,0.4264501607117655,0.0,4786.247981530184,0.397720766195076,0.2798913446146373
0,Ward 174,BBMP Wards,21,0,0.0,-1,0,,Ward Name: HSR Layout<br>Zone: Bommanahalli <br>Division: Bommanahalli<br>Subdivision: Bommanahalli<br>Assembly (MLA) Constituency : Bommanahalli<br>Parliament (MP) Constituency: Bangalore South,0.16257322725,0.00058695748,13,0.2700760041378249,0.2819098869743801,4469.048417087805,0.37136257199084793,0.2685912910111669
0,Ward 174,BBMP Wards,21,0,0.0,-1,0,,Ward Name: HSR Layout<br>Zone: Bommanahalli <br>Division: Bommanahalli<br>Subdivision: Bommanahalli<br>Assembly (MLA) Constituency : Bommanahalli<br>Parliament (MP) Constituency: Bangalore South,0.16257322725,0.00058695748,14,0.0005787324600448364,0.0,835.4583433882847,0.06942371848234792,0.11648753454632217
0,Ward 174,BBMP Wards,21,0,0.0,-1,0,,Ward Name: HSR Layout<br>Zone: Bommanahalli <br>Division: Bommanahalli<br>Subdivision: Bommanahalli<br>Assembly (MLA) Constituency : Bommanahalli<br>Parliament (MP) Constituency: Bangalore South,0.16257322725,0.00058695748,15,0.2554476140524868,0.10991879898988897,4341.142048498621,0.3607339921277008,0.1378959817944652
0,Ward 174,BBMP Wards,21,0,0.0,-1,0,,Ward Name: HSR Layout<br>Zone: Bommanahalli <br>Division: Bommanahalli<br>Subdivision: Bommanahalli<br>Assembly (MLA) Constituency : Bommanahalli<br>Parliament (MP) Constituency: Bangalore South,0.16257322725,0.00058695748,16,0.5947050382876485,0.014279252632907496,3545.6872947365937,0.29463443452838806,0.19858015775600335
0,Ward 174,BBMP Wards,21,0,0.0,-1,0,,Ward Name: HSR Layout<br>Zone: Bommanahalli <br>Division: Bommanahalli<br>Subdivision: Bommanahalli<br>Assembly (MLA) Constituency : Bommanahalli<br>Parliament (MP) Constituency: Bangalore South,0.16257322725,0.00058695748,17,0.4872064345660801,0.0,4570.200877451946,0.3797679939818918,0.33819477734656483
0,Ward 174,BBMP Wards,21,0,0.0,-1,0,,Ward Name: HSR Layout<br>Zone: Bommanahalli <br>Division: Bommanahalli<br>Subdivision: Bommanahalli<br>Assembly (MLA) Constituency : Bommanahalli<br>Parliament (MP) Constituency: Bangalore South,0.16257322725,0.00058695748,18,0.47426807519680336,0.0,4772.514092915367,0.3965795272279766,0.7207101777993987
0,Ward 174,BBMP Wards,21,0,0.0,-1,0,,Ward Name: HSR Layout<br>Zone: Bommanahalli <br>Division: Bommanahalli<br>Subdivision: Bommanahalli<br>Assembly (MLA) Constituency : Bommanahalli<br>Parliament (MP) Constituency: Bangalore South,0.16257322725,0.00058695748,19,0.2608715010681955,0.2826709691309744,7516.812091253592,0.6246212640495081,0.5936521454885142
0,Ward 174,BBMP Wards,21,0,0.0,-1,0,,Ward Name: HSR Layout<br>Zone: Bommanahalli <br>Division: Bommanahalli<br>Subdivision: Bommanahalli<br>Assembly (MLA) Constituency : Bommanahalli<br>Parliament (MP) Constituency: Bangalore South,0.16257322725,0.00058695748,20,0.05993171402942139,0.1009047286382061,3525.25275733036,0.2929363946638821,0.15716363820102489
0,Ward 174,BBMP Wards,21,0,0.0,-1,0,,Ward Name: HSR Layout<br>Zone: Bommanahalli <br>Division: Bommanahalli<br>Subdivision: Bommanahalli<br>Assembly (MLA) Constituency : Bommanahalli<br>Parliament (MP) Constituency: Bangalore South,0.16257322725,0.00058695748,21,0.5283390892757236,0.07410333140777191,3380.6525091167728,0.28092061074849883,0.20302959392153672
0,Ward 174,BBMP Wards,21,0,0.0,-1,0,,Ward Name: HSR Layout<br>Zone: Bommanahalli <br>Division: Bommanahalli<br>Subdivision: Bommanahalli<br>Assembly (MLA) Constituency : Bommanahalli<br>Parliament (MP) Constituency: Bangalore South,0.16257322725,0.00058695748,22,0.47359775141274707,0.0,3716.4104097172276,0.308820938938383,0.35729600250208676
0,Ward 174,BBMP Wards,21,0,0.0,-1,0,,Ward Name: HSR Layout<br>Zone: Bommanahalli <br>Division: Bommanahalli<br>Subdivision: Bommanahalli<br>Assembly (MLA) Constituency : Bommanahalli<br>Parliament (MP) Constituency: Bangalore South,0.16257322725,0.00058695748,23,0.45882137667965145,0.049663842977693266,3607.1399916916407,0.29974094255138045,0.9940220875547161
0,Ward 174,BBMP Wards,21,0,0.0,-1,0,,Ward Name: HSR Layout<br>Zone: Bommanahalli <br>Division: Bommanahalli<br>Subdivision: Bommanahalli<br>Assembly (MLA) Constituency : Bommanahalli<br>Parliament (MP) Constituency: Bangalore South,0.16257322725,0.00058695748,24,0.17601538552127613,0.23386542320325773,12034.19179571479,1.0,0.9999999999986516
0,Ward 174,BBMP Wards,21,0,0.0,-1,0,,Ward Name: HSR Layout<br>Zone: Bommanahalli <br>Division: Bommanahalli<br>Subdivision: Bommanahalli<br>Assembly (MLA) Constituency : Bommanahalli<br>Parliament (MP) Constituency: Bangalore South,0.16257322725,0.00058695748,25,0.24342104320504077,0.1229069316917602,3084.407027804913,0.25630362887379177,0.13886225666191634
0,Ward 174,BBMP Wards,21,0,0.0,-1,0,,Ward Name: HSR Layout<br>Zone: Bommanahalli <br>Division: Bommanahalli<br>Subdivision: Bommanahalli<br>Assembly (MLA) Constituency : Bommanahalli<br>Parliament (MP) Constituency: Bangalore South,0.16257322725,0.00058695748,26,0.5391192923363713,0.0,3833.832520970887,0.3185783130310472,0.17260729575630712
0,Ward 174,BBMP Wards,21,0,0.0,-1,0,,Ward Name: HSR Layout<br>Zone: Bommanahalli <br>Division: Bommanahalli<br>Subdivision: Bommanahalli<br>Assembly (MLA) Constituency : Bommanahalli<br>Parliament (MP) Constituency: Bangalore South,0.16257322725,0.00058695748,27,0.4840360558986449,0.3758977173857734,5451.920694336892,0.45303588200067124,0.24364859339442846
0,Ward 174,BBMP Wards,21,0,0.0,-1,0,,Ward Name: HSR Layout<br>Zone: Bommanahalli <br>Division: Bommanahalli<br>Subdivision: Bommanahalli<br>Assembly (MLA) Constituency : Bommanahalli<br>Parliament (MP) Constituency: Bangalore South,0.16257322725,0.00058695748,28,0.6606446469977517,0.43217983043165836,5978.6098826959105,0.4968019443420214,0.3156517006468957
0,Ward 174,BBMP Wards,21,0,0.0,-1,0,,Ward Name: HSR Layout<br>Zone: Bommanahalli <br>Division: Bommanahalli<br>Subdivision: Bommanahalli<br>Assembly (MLA) Constituency : Bommanahalli<br>Parliament (MP) Constituency: Bangalore South,0.16257322725,0.00058695748,29,0.5170812973904079,0.6546448938210215,4598.2219160337645,0.38209644603396864,0.2635062984834459
0,Ward 174,BBMP Wards,21,0,0.0,-1,0,,Ward Name: HSR Layout<br>Zone: Bommanahalli <br>Division: Bommanahalli<br>Subdivision: Bommanahalli<br>Assembly (MLA) Constituency : Bommanahalli<br>Parliament (MP) Constituency: Bangalore South,0.16257322725,0.00058695748,30,0.12850125546320518,0.17513450284466142,1448.7026780133408,0.1203822161559037,0.28910643730294955
0,Ward 174,BBMP Wards,21,0,0.0,-1,0,,Ward Name: HSR Layout<br>Zone: Bommanahalli <br>Division: Bommanahalli<br>Subdivision: Bommanahalli<br>Assembly (MLA) Constituency : Bommanahalli<br>Parliament (MP) Constituency: Bangalore South,0.16257322725,0.00058695748,31,0.11877074806057701,0.17848289932378741,3575.332571249333,0.2970978551731625,0.5899321292589171
0,Ward 174,BBMP Wards,21,0,0.0,-1,0,,Ward Name: HSR Layout<br>Zone: Bommanahalli <br>Division: Bommanahalli<br>Subdivision: Bommanahalli<br>Assembly (MLA) Constituency : Bommanahalli<br>Parliament (MP) Constituency: Bangalore South,0.16257322725,0.00058695748,32,0.40775323423118304,0.17330542446594543,3704.890501835689,0.3078636741650527,0.15609628284722374
0,Ward 174,BBMP Wards,21,0,0.0,-1,0,,Ward Name: HSR Layout<br>Zone: Bommanahalli <br>Division: Bommanahalli<br>Subdivision: Bommanahalli<br>Assembly (MLA) Constituency : Bommanahalli<br>Parliament (MP) Constituency: Bangalore South,0.16257322725,0.00058695748,33,0.5711119503482182,0.0,3918.6294650782747,0.3256246478034067,0.1698296898445395
0,Ward 174,BBMP Wards,21,0,0.0,-1,0,,Ward Name: HSR Layout<br>Zone: Bommanahalli <br>Division: Bommanahalli<br>Subdivision: Bommanahalli<br>Assembly (MLA) Constituency : Bommanahalli<br>Parliament (MP) Constituency: Bangalore South,0.16257322725,0.00058695748,34,0.6500045649389321,0.33761478987306315,5040.030355732724,0.4188092097325065,0.1703091541521318
0,Ward 174,BBMP Wards,21,0,0.0,-1,0,,Ward Name: HSR Layout<br>Zone: Bommanahalli <br>Division: Bommanahalli<br>Subdivision: Bommanahalli<br>Assembly (MLA) Constituency : Bommanahalli<br>Parliament (MP) Constituency: Bangalore South,0.16257322725,0.00058695748,35,0.49810325000295885,0.0,4223.46460422811,0.35095540073842163,0.18581821566245776
0,Ward 174,BBMP Wards,21,0,0.0,-1,0,,Ward Name: HSR Layout<br>Zone: Bommanahalli <br>Division: Bommanahalli<br>Subdivision: Bommanahalli<br>Assembly (MLA) Constituency : Bommanahalli<br>Parliament (MP) Constituency: Bangalore South,0.16257322725,0.00058695748,36,0.5373784099434871,0.4601410854522996,3256.8820423691495,0.2706357101212962,0.1765806332434976
0,Ward 174,BBMP Wards,21,0,0.0,-1,0,,Ward Name: HSR Layout<br>Zone: Bommanahalli <br>Division: Bommanahalli<br>Subdivision: Bommanahalli<br>Assembly (MLA) Constituency : Bommanahalli<br>Parliament (MP) Constituency: Bangalore South,0.16257322725,0.00058695748,37,0.34332471200608655,0.4042301164104632,2111.054607806676,0.17542138630019122,0.2652789575070025
0,Ward 174,BBMP Wards,21,0,0.0,-1,0,,Ward Name: HSR Layout<br>Zone: Bommanahalli <br>Division: Bommanahalli<br>Subdivision: Bommanahalli<br>Assembly (MLA) Constituency : Bommanahalli<br>Parliament (MP) Constituency: Bangalore South,0.16257322725,0.00058695748,38,0.16012573110831657,0.23422716787593917,2451.87484052209,0.20374237689939168,0.4208364114168409
0,Ward 174,BBMP Wards,21,0,0.0,-1,0,,Ward Name: HSR Layout<br>Zone: Bommanahalli <br>Division: Bommanahalli<br>Subdivision: Bommanahalli<br>Assembly (MLA) Constituency : Bommanahalli<br>Parliament (MP) Constituency: Bangalore South,0.16257322725,0.00058695748,39,0.5638919066929635,0.14382294705293408,3752.5746997972087,0.31182606721736383,0.21207671400650024
0,Ward 174,BBMP Wards,21,0,0.0,-1,0,,Ward Name: HSR Layout<br>Zone: Bommanahalli <br>Division: Bommanahalli<br>Subdivision: Bommanahalli<br>Assembly (MLA) Constituency : Bommanahalli<br>Parliament (MP) Constituency: Bangalore South,0.16257322725,0.00058695748,40,0.6828804183743072,0.22996080391185308,3917.104537717462,0.3254979315779468,0.26791013766574906
0,Ward 174,BBMP Wards,21,0,0.0,-1,0,,Ward Name: HSR Layout<br>Zone: Bommanahalli <br>Division: Bommanahalli<br>Subdivision: Bommanahalli<br>Assembly (MLA) Constituency : Bommanahalli<br>Parliament (MP) Constituency: Bangalore South,0.16257322725,0.00058695748,41,0.6278048140460707,0.5672846030888659,4327.00718723122,0.35955943371053867,0.269805777731874
0,Ward 174,BBMP Wards,21,0,0.0,-1,0,,Ward Name: HSR Layout<br>Zone: Bommanahalli <br>Division: Bommanahalli<br>Subdivision: Bommanahalli<br>Assembly (MLA) Constituency : Bommanahalli<br>Parliament (MP) Constituency: Bangalore South,0.16257322725,0.00058695748,42,0.5202927993481244,0.20713135066626215,3911.2519932263745,0.3250116052346047,0.20646339208012726
0,Ward 174,BBMP Wards,21,0,0.0,-1,0,,Ward Name: HSR Layout<br>Zone: Bommanahalli <br>Division: Bommanahalli<br>Subdivision: Bommanahalli<br>Assembly (MLA) Constituency : Bommanahalli<br>Parliament (MP) Constituency: Bangalore South,0.16257322725,0.00058695748,43,0.5751898157412308,0.1689942705061614,3732.4721677685275,0.31015561585927265,0.15233950129517063
0,Ward 174,BBMP Wards,21,0,0.0,-1,0,,Ward Name: HSR Layout<br>Zone: Bommanahalli <br>Division: Bommanahalli<br>Subdivision: Bommanahalli<br>Assembly (MLA) Constituency : Bommanahalli<br>Parliament (MP) Constituency: Bangalore South,0.16257322725,0.00058695748,44,0.6508440688058621,0.48853001417220143,4078.979287666401,0.3389491672485118,0.1941734741762714
0,Ward 174,BBMP Wards,21,0,0.0,-1,0,,Ward Name: HSR Layout<br>Zone: Bommanahalli <br>Division: Bommanahalli<br>Subdivision: Bommanahalli<br>Assembly (MLA) Constituency : Bommanahalli<br>Parliament (MP) Constituency: Bangalore South,0.16257322725,0.00058695748,45,0.5381409582974632,0.7162017030497501,5594.833524325202,0.4649114472579243,0.24084413048998365
0,Ward 174,BBMP Wards,21,0,0.0,-1,0,,Ward Name: HSR Layout<br>Zone: Bommanahalli <br>Division: Bommanahalli<br>Subdivision: Bommanahalli<br>Assembly (MLA) Constituency : Bommanahalli<br>Parliament (MP) Constituency: Bangalore South,0.16257322725,0.00058695748,46,0.09188316598938014,0.0,4087.6193091838204,0.3396671233575789,0.13853653940022884
0,Ward 174,BBMP Wards,21,0,0.0,-1,0,,Ward Name: HSR Layout<br>Zone: Bommanahalli <br>Division: Bommanahalli<br>Subdivision: Bommanahalli<br>Assembly (MLA) Constituency : Bommanahalli<br>Parliament (MP) Constituency: Bangalore South,0.16257322725,0.00058695748,47,0.07623971063585853,0.0,1841.2316790621178,0.15300002778065702,0.1769154704977445
0,Ward 174,BBMP Wards,21,0,0.0,-1,0,,Ward Name: HSR Layout<br>Zone: Bommanahalli <br>Division: Bommanahalli<br>Subdivision: Bommanahalli<br>Assembly (MLA) Constituency : Bommanahalli<br>Parliament (MP) Constituency: Bangalore South,0.16257322725,0.00058695748,48,0.5368785921699989,0.0,3140.836885631078,0.26099275621894996,0.27674952524499025
0,Ward 174,BBMP Wards,21,0,0.0,-1,0,,Ward Name: HSR Layout<br>Zone: Bommanahalli <br>Division: Bommanahalli<br>Subdivision: Bommanahalli<br>Assembly (MLA) Constituency : Bommanahalli<br>Parliament (MP) Constituency: Bangalore South,0.16257322725,0.00058695748,49,0.6087934906185242,0.0,3899.7909198732177,0.32405922940848253,0.5683638472451477
0,Ward 174,BBMP Wards,21,0,0.0,-1,0,,Ward Name: HSR Layout<br>Zone: Bommanahalli <br>Division: Bommanahalli<br>Subdivision: Bommanahalli<br>Assembly (MLA) Constituency : Bommanahalli<br>Parliament (MP) Constituency: Bangalore South,0.16257322725,0.00058695748,50,0.5623196278315813,0.16903047597301765,4256.968670167952,0.3537394735293981,0.5872120509651999
0,Ward 174,BBMP Wards,21,0,0.0,-1,0,,Ward Name: HSR Layout<br>Zone: Bommanahalli <br>Division: Bommanahalli<br>Subdivision: Bommanahalli<br>Assembly (MLA) Constituency : Bommanahalli<br>Parliament (MP) Constituency: Bangalore South,0.16257322725,0.00058695748,51,0.5185869913506703,0.0,3232.5314200526523,0.2686122570527513,0.28135286094489564
0,Ward 174,BBMP Wards,21,0,0.0,-1,0,,Ward Name: HSR Layout<br>Zone: Bommanahalli <br>Division: Bommanahalli<br>Subdivision: Bommanahalli<br>Assembly (MLA) Constituency : Bommanahalli<br>Parliament (MP) Constituency: Bangalore South,0.16257322725,0.00058695748,52,0.4585334670384663,0.0,2679.034440120479,0.22261855931816263,0.17603735787610295
0,Ward 174,BBMP Wards,21,0,0.0,-1,0,,Ward Name: HSR Layout<br>Zone: Bommanahalli <br>Division: Bommanahalli<br>Subdivision: Bommanahalli<br>Assembly (MLA) Constituency : Bommanahalli<br>Parliament (MP) Constituency: Bangalore South,0.16257322725,0.00058695748,53,0.5672369707526524,0.0,3448.8452249041798,0.28658719118406156,0.14323432633411706
0,Ward 174,BBMP Wards,21,0,0.0,-1,0,,Ward Name: HSR Layout<br>Zone: Bommanahalli <br>Division: Bommanahalli<br>Subdivision: Bommanahalli<br>Assembly (MLA) Constituency : Bommanahalli<br>Parliament (MP) Constituency: Bangalore South,0.16257322725,0.00058695748,54,0.9999999897585597,0.9999999812485144,5624.390828996191,0.46736755774483824,0.1599621388257243
0,Ward 174,BBMP Wards,21,0,0.0,-1,0,,Ward Name: HSR Layout<br>Zone: Bommanahalli <br>Division: Bommanahalli<br>Subdivision: Bommanahalli<br>Assembly (MLA) Constituency : Bommanahalli<br>Parliament (MP) Constituency: Bangalore South,0.16257322725,0.00058695748,55,0.47739094215113176,0.0,4335.967723891468,0.3603040235269847,0.13059942834574048
0,Ward 174,BBMP Wards,21,0,0.0,-1,0,,Ward Name: HSR Layout<br>Zone: Bommanahalli <br>Division: Bommanahalli<br>Subdivision: Bommanahalli<br>Assembly (MLA) Constituency : Bommanahalli<br>Parliament (MP) Constituency: Bangalore South,0.16257322725,0.00058695748,56,0.20674748692045017,0.0,1901.8401021482807,0.1580363795452803,0.17585737784068314
0,Ward 174,BBMP Wards,21,0,0.0,-1,0,,Ward Name: HSR Layout<br>Zone: Bommanahalli <br>Division: Bommanahalli<br>Subdivision: Bommanahalli<br>Assembly (MLA) Constituency : Bommanahalli<br>Parliament (MP) Constituency: Bangalore South,0.16257322725,0.00058695748,57,0.35408131946253707,0.0,2567.0991490744336,0.21331712113717036,0.28503269423487154
0,Ward 174,BBMP Wards,21,0,0.0,-1,0,,Ward Name: HSR Layout<br>Zone: Bommanahalli <br>Division: Bommanahalli<br>Subdivision: Bommanahalli<br>Assembly (MLA) Constituency : Bommanahalli<br>Parliament (MP) Constituency: Bangalore South,0.16257322725,0.00058695748,58,0.5837089135819263,0.0,4134.821286023567,0.34358944549113135,0.6766728385528195
0,Ward 174,BBMP Wards,21,0,0.0,-1,0,,Ward Name: HSR Layout<br>Zone: Bommanahalli <br>Division: Bommanahalli<br>Subdivision: Bommanahalli<br>Assembly (MLA) Constituency : Bommanahalli<br>Parliament (MP) Constituency: Bangalore South,0.16257322725,0.00058695748,59,0.5243228274577305,0.2056188529072562,4296.71634102475,0.35704236844178866,0.7091938033800426
0,Ward 174,BBMP Wards,21,0,0.0,-1,0,,Ward Name: HSR Layout<br>Zone: Bommanahalli <br>Division: Bommanahalli<br>Subdivision: Bommanahalli<br>Assembly (MLA) Constituency : Bommanahalli<br>Parliament (MP) Constituency: Bangalore South,0.16257322725,0.00058695748,60,0.6630134907031325,0.1999596120236917,4646.173671101236,0.3860810721627085,0.29206187588304455
0,Ward 174,BBMP Wards,21,0,0.0,-1,0,,Ward Name: HSR Layout<br>Zone: Bommanahalli <br>Division: Bommanahalli<br>Subdivision: Bommanahalli<br>Assembly (MLA) Constituency : Bommanahalli<br>Parliament (MP) Constituency: Bangalore South,0.16257322725,0.00058695748,61,0.5952244559956038,0.18520082657771073,3712.4587772082596,0.308492571851,0.178569513827077
0,Ward 174,BBMP Wards,21,0,0.0,-1,0,,Ward Name: HSR Layout<br>Zone: Bommanahalli <br>Division: Bommanahalli<br>Subdivision: Bommanahalli<br>Assembly (MLA) Constituency : Bommanahalli<br>Parliament (MP) Constituency: Bangalore South,0.16257322725,0.00058695748,62,0.5626706048152545,0.12621586145733682,4239.760860297577,0.35230956363910515,0.1299404354319667
0,Ward 174,BBMP Wards,21,0,0.0,-1,0,,Ward Name: HSR Layout<br>Zone: Bommanahalli <br>Division: Bommanahalli<br>Subdivision: Bommanahalli<br>Assembly (MLA) Constituency : Bommanahalli<br>Parliament (MP) Constituency: Bangalore South,0.16257322725,0.00058695748,63,0.45023083754223514,0.42687054271075303,5020.470401348524,0.41718384471288256,0.12483592495098114
0,Ward 174,BBMP Wards,21,0,0.0,-1,0,,Ward Name: HSR Layout<br>Zone: Bommanahalli <br>Division: Bommanahalli<br>Subdivision: Bommanahalli<br>Assembly (MLA) Constituency : Bommanahalli<br>Parliament (MP) Constituency: Bangalore South,0.16257322725,0.00058695748,64,0.3770030897304647,0.0,2162.251058210432,0.17967563546563878,0.11934939439959519
0,Ward 174,BBMP Wards,21,0,0.0,-1,0,,Ward Name: HSR Layout<br>Zone: Bommanahalli <br>Division: Bommanahalli<br>Subdivision: Bommanahalli<br>Assembly (MLA) Constituency : Bommanahalli<br>Parliament (MP) Constituency: Bangalore South,0.16257322725,0.00058695748,65,0.16010115039128373,0.0,1213.2396043333804,0.10081604356392244,0.15516112166176366
0,Ward 174,BBMP Wards,21,0,0.0,-1,0,,Ward Name: HSR Layout<br>Zone: Bommanahalli <br>Division: Bommanahalli<br>Subdivision: Bommanahalli<br>Assembly (MLA) Constituency : Bommanahalli<br>Parliament (MP) Constituency: Bangalore South,0.16257322725,0.00058695748,66,0.007827373737430107,0.0,98.38142266080297,0.008175158276589477,0.22340849880872732
0,Ward 174,BBMP Wards,21,0,0.0,-1,0,,Ward Name: HSR Layout<br>Zone: Bommanahalli <br>Division: Bommanahalli<br>Subdivision: Bommanahalli<br>Assembly (MLA) Constituency : Bommanahalli<br>Parliament (MP) Constituency: Bangalore South,0.16257322725,0.00058695748,67,0.2745280122497772,0.0,1783.963122274857,0.14824120743281669,0.29875276068291273
0,Ward 174,BBMP Wards,21,0,0.0,-1,0,,Ward Name: HSR Layout<br>Zone: Bommanahalli <br>Division: Bommanahalli<br>Subdivision: Bommanahalli<br>Assembly (MLA) Constituency : Bommanahalli<br>Parliament (MP) Constituency: Bangalore South,0.16257322725,0.00058695748,68,0.29475536516297335,0.0,2100.2294071663778,0.17452184931224385,0.30138880741062013
0,Ward 174,BBMP Wards,21,0,0.0,-1,0,,Ward Name: HSR Layout<br>Zone: Bommanahalli <br>Division: Bommanahalli<br>Subdivision: Bommanahalli<br>Assembly (MLA) Constituency : Bommanahalli<br>Parliament (MP) Constituency: Bangalore South,0.16257322725,0.00058695748,69,0.3641765202939125,0.0,2383.071507071788,0.19802505623355335,0.21962134796114025
0,Ward 174,BBMP Wards,21,0,0.0,-1,0,,Ward Name: HSR Layout<br>Zone: Bommanahalli <br>Division: Bommanahalli<br>Subdivision: Bommanahalli<br>Assembly (MLA) Constituency : Bommanahalli<br>Parliament (MP) Constituency: Bangalore South,0.16257322725,0.00058695748,70,0.34625813005589146,0.0,2252.159537670572,0.1871467212673588,0.15739885807411522
0,Ward 174,BBMP Wards,21,0,0.0,-1,0,,Ward Name: HSR Layout<br>Zone: Bommanahalli <br>Division: Bommanahalli<br>Subdivision: Bommanahalli<br>Assembly (MLA) Constituency : Bommanahalli<br>Parliament (MP) Constituency: Bangalore South,0.16257322725,0.00058695748,71,0.2502324319803294,0.0,2554.6297732587004,0.21228095883999196,0.12674201436718208
0,Ward 174,BBMP Wards,21,0,0.0,-1,0,,Ward Name: HSR Layout<br>Zone: Bommanahalli <br>Division: Bommanahalli<br>Subdivision: Bommanahalli<br>Assembly (MLA) Constituency : Bommanahalli<br>Parliament (MP) Constituency: Bangalore South,0.16257322725,0.00058695748,72,0.10646806438047375,0.0,2826.68298984942,0.23488764661835979,0.11512630531002913
0,Ward 174,BBMP Wards,21,0,0.0,-1,0,,Ward Name: HSR Layout<br>Zone: Bommanahalli <br>Division: Bommanahalli<br>Subdivision: Bommanahalli<br>Assembly (MLA) Constituency : Bommanahalli<br>Parliament (MP) Constituency: Bangalore South,0.16257322725,0.00058695748,73,0.03893494159816591,0.0,4350.650065972629,0.36152407571913847,0.12689190111234963
0,Ward 174,BBMP Wards,21,0,0.0,-1,0,,Ward Name: HSR Layout<br>Zone: Bommanahalli <br>Division: Bommanahalli<br>Subdivision: Bommanahalli<br>Assembly (MLA) Constituency : Bommanahalli<br>Parliament (MP) Constituency: Bangalore South,0.16257322725,0.00058695748,74,0.0,0.0,0.0,0.0,0.20721103438611818
0,Ward 174,BBMP Wards,21,0,0.0,-1,0,,Ward Name: HSR Layout<br>Zone: Bommanahalli <br>Division: Bommanahalli<br>Subdivision: Bommanahalli<br>Assembly (MLA) Constituency : Bommanahalli<br>Parliament (MP) Constituency: Bangalore South,0.16257322725,0.00058695748,75,0.0041846694397385115,0.0,310.84256079514677,0.025829949037860067,0.22038526920565063
0,Ward 174,BBMP Wards,21,0,0.0,-1,0,,Ward Name: HSR Layout<br>Zone: Bommanahalli <br>Division: Bommanahalli<br>Subdivision: Bommanahalli<br>Assembly (MLA) Constituency : Bommanahalli<br>Parliament (MP) Constituency: Bangalore South,0.16257322725,0.00058695748,76,0.04391133517620938,0.0,704.8593269616814,0.05857138883333005,0.18712803244866444
0,Ward 174,BBMP Wards,21,0,0.0,-1,0,,Ward Name: HSR Layout<br>Zone: Bommanahalli <br>Division: Bommanahalli<br>Subdivision: Bommanahalli<br>Assembly (MLA) Constituency : Bommanahalli<br>Parliament (MP) Constituency: Bangalore South,0.16257322725,0.00058695748,77,0.045395649584964226,0.0,492.45033529854965,0.0409209312646907,0.1588089681979633
0,Ward 174,BBMP Wards,21,0,0.0,-1,0,,Ward Name: HSR Layout<br>Zone: Bommanahalli <br>Division: Bommanahalli<br>Subdivision: Bommanahalli<br>Assembly (MLA) Constituency : Bommanahalli<br>Parliament (MP) Constituency: Bangalore South,0.16257322725,0.00058695748,78,0.05825711089402926,0.0,703.8863613139083,0.05849053873019978,0.132018102953577
0,Ward 174,BBMP Wards,21,0,0.0,-1,0,,Ward Name: HSR Layout<br>Zone: Bommanahalli <br>Division: Bommanahalli<br>Subdivision: Bommanahalli<br>Assembly (MLA) Constituency : Bommanahalli<br>Parliament (MP) Constituency: Bangalore South,0.16257322725,0.00058695748,79,0.0,0.0,0.0,0.0,0.12081957925114345
0,Ward 174,BBMP Wards,21,0,0.0,-1,0,,Ward Name: HSR Layout<br>Zone: Bommanahalli <br>Division: Bommanahalli<br>Subdivision: Bommanahalli<br>Assembly (MLA) Constituency : Bommanahalli<br>Parliament (MP) Constituency: Bangalore South,0.16257322725,0.00058695748,80,0.015577643835950875,0.0,635.0776742110052,0.05277277319422045,0.13715542945168996
0,Ward 174,BBMP Wards,21,0,0.0,-1,0,,Ward Name: HSR Layout<br>Zone: Bommanahalli <br>Division: Bommanahalli<br>Subdivision: Bommanahalli<br>Assembly (MLA) Constituency : Bommanahalli<br>Parliament (MP) Constituency: Bangalore South,0.16257322725,0.00058695748,81,0.018969781707826327,0.0,271.4036659720388,0.02255271235320364,0.12412869126456899
0,Ward 174,BBMP Wards,21,0,0.0,-1,0,,Ward Name: HSR Layout<br>Zone: Bommanahalli <br>Division: Bommanahalli<br>Subdivision: Bommanahalli<br>Assembly (MLA) Constituency : Bommanahalli<br>Parliament (MP) Constituency: Bangalore South,0.16257322725,0.00058695748,82,0.03112955969569861,0.0,827.1813656430767,0.06873593006367279,0.11104267313666982
0,Ward 174,BBMP Wards,21,0,0.0,-1,0,,Ward Name: HSR Layout<br>Zone: Bommanahalli <br>Division: Bommanahalli<br>Subdivision: Bommanahalli<br>Assembly (MLA) Constituency : Bommanahalli<br>Parliament (MP) Constituency: Bangalore South,0.16257322725,0.00058695748,83,0.04107521424490945,0.049243850085590776,8358.995680156992,0.6946038273325106,0.08199508760933195
0,Ward 174,BBMP Wards,21,0,0.0,-1,0,,Ward Name: HSR Layout<br>Zone: Bommanahalli <br>Division: Bommanahalli<br>Subdivision: Bommanahalli<br>Assembly (MLA) Constituency : Bommanahalli<br>Parliament (MP) Constituency: Bangalore South,0.16257322725,0.00058695748,84,0.015318002892120833,0.0,4200.349565949665,0.3490346204591281,0.07973596986516668
0,Ward 174,BBMP Wards,21,0,0.0,-1,0,,Ward Name: HSR Layout<br>Zone: Bommanahalli <br>Division: Bommanahalli<br>Subdivision: Bommanahalli<br>Assembly (MLA) Constituency : Bommanahalli<br>Parliament (MP) Constituency: Bangalore South,0.16257322725,0.00058695748,85,0.026491248543860382,0.0,1121.799220178975,0.09321766174430028,0.09194244246616545
0,Ward 174,BBMP Wards,21,0,0.0,-1,0,,Ward Name: HSR Layout<br>Zone: Bommanahalli <br>Division: Bommanahalli<br>Subdivision: Bommanahalli<br>Assembly (MLA) Constituency : Bommanahalli<br>Parliament (MP) Constituency: Bangalore South,0.16257322725,0.00058695748,86,0.49452143913121477,0.6196163012196215,3607.4599801032564,0.2997675324892049,0.07844238866134506
0,Ward 174,BBMP Wards,21,0,0.0,-1,0,,Ward Name: HSR Layout<br>Zone: Bommanahalli <br>Division: Bommanahalli<br>Subdivision: Bommanahalli<br>Assembly (MLA) Constituency : Bommanahalli<br>Parliament (MP) Constituency: Bangalore South,0.16257322725,0.00058695748,87,0.46273161077385705,0.0,3151.490588534795,0.26187804233409323,0.07139621829180902
0,Ward 174,BBMP Wards,21,0,0.0,-1,0,,Ward Name: HSR Layout<br>Zone: Bommanahalli <br>Division: Bommanahalli<br>Subdivision: Bommanahalli<br>Assembly (MLA) Constituency : Bommanahalli<br>Parliament (MP) Constituency: Bangalore South,0.16257322725,0.00058695748,88,0.16581827465555923,0.0,1735.0914159605609,0.14418013651555753,0.06325037756219129
0,Ward 174,BBMP Wards,21,0,0.0,-1,0,,Ward Name: HSR Layout<br>Zone: Bommanahalli <br>Division: Bommanahalli<br>Subdivision: Bommanahalli<br>Assembly (MLA) Constituency : Bommanahalli<br>Parliament (MP) Constituency: Bangalore South,0.16257322725,0.00058695748,89,0.0030831683910345358,0.0,3327.5162871384346,0.27650517322844376,0.059206597226694406
0,Ward 174,BBMP Wards,21,0,0.0,-1,0,,Ward Name: HSR Layout<br>Zone: Bommanahalli <br>Division: Bommanahalli<br>Subdivision: Bommanahalli<br>Assembly (MLA) Constituency : Bommanahalli<br>Parliament (MP) Constituency: Bangalore South,0.16257322725,0.00058695748,90,0.07555454218449742,0.04825650592619345,4995.691043332386,0.4151247651804321,0.07080126000607592
0,Ward 174,BBMP Wards,21,0,0.0,-1,0,,Ward Name: HSR Layout<br>Zone: Bommanahalli <br>Division: Bommanahalli<br>Subdivision: Bommanahalli<br>Assembly (MLA) Constituency : Bommanahalli<br>Parliament (MP) Constituency: Bangalore South,0.16257322725,0.00058695748,91,0.22960649938666058,0.0,4333.053283283037,0.36006184352371523,0.06406250468882822
0,Ward 174,BBMP Wards,21,0,0.0,-1,0,,Ward Name: HSR Layout<br>Zone: Bommanahalli <br>Division: Bommanahalli<br>Subdivision: Bommanahalli<br>Assembly (MLA) Constituency : Bommanahalli<br>Parliament (MP) Constituency: Bangalore South,0.16257322725,0.00058695748,92,0.4225586698520912,0.0,3753.7324305124753,0.31192227066292294,0.0583502343898431
0,Ward 174,BBMP Wards,21,0,0.0,-1,0,,Ward Name: HSR Layout<br>Zone: Bommanahalli <br>Division: Bommanahalli<br>Subdivision: Bommanahalli<br>Assembly (MLA) Constituency : Bommanahalli<br>Parliament (MP) Constituency: Bangalore South,0.16257322725,0.00058695748,93,0.14574477427643717,0.0,1447.4971254594839,0.12028203887982886,0.052904100211549517
