,zone_id,road_weight_sum,road_weight_avg,road_count,population,commercial_score,accessibility_score,dump_risk_score,waste_generated
0,0,2.0,2.0,1.0,150,0.8,4.0,3.05,110.11
1,1,12.5,2.5,5.0,750,5.0,5.0,2.74,553.44
2,2,64.5,1.7916666666666667,36.0,5400,25.8,3.58,4.91,3955.42
3,3,27.5,2.5,11.0,1650,11.0,5.0,3.02,1217.56
4,4,52.5,2.1,25.0,3750,21.0,4.2,4.08,2755.69
5,5,37.5,2.2058823529411766,17.0,2550,15.0,4.41,3.6,1875.94
6,6,87.5,2.1341463414634148,41.0,6150,35.0,4.27,4.8,4520.94
7,7,66.5,2.293103448275862,29.0,4350,26.6,4.59,4.07,3203.04
8,8,90.5,1.925531914893617,47.0,7050,36.2,3.85,5.29,5171.26
9,9,19.5,2.4375,8.0,1200,7.8,4.88,2.94,884.92
10,10,88.5,2.2125,40.0,6000,35.4,4.42,4.68,4414.27
11,11,14.5,2.9,5.0,750,5.8,5.8,2.34,555.74
12,12,64.5,1.4659090909090908,44.0,6600,25.8,2.93,5.61,4817.92
13,13,72.5,1.25,58.0,8700,29.0,2.5,6.49,6336.5
14,14,64.5,1.2403846153846154,52.0,7800,25.8,2.48,6.21,5680.42
15,15,86.0,1.7551020408163265,49.0,7350,34.4,3.51,5.56,5381.71
16,16,65.5,1.6375,40.0,6000,26.2,3.28,5.25,4387.82
17,17,64.0,0.8205128205128205,78.0,11700,25.6,1.64,7.86,8482.97
18,18,52.0,0.9285714285714286,56.0,8400,20.8,1.86,6.71,6097.3
19,19,64.0,1.4222222222222223,45.0,6750,25.6,2.84,5.7,4925.16
20,20,50.0,1.1111111111111112,45.0,6750,20.0,2.22,6.01,4909.06
21,21,45.5,0.9891304347826086,46.0,6900,18.2,1.98,6.18,5011.7
22,22,107.0,1.009433962264151,106.0,15900,42.8,2.02,8.99,11551.18
23,23,52.5,1.3125,40.0,6000,21.0,2.62,5.58,4372.88
24,24,59.0,1.6388888888888888,36.0,5400,23.6,3.28,5.06,3949.1
25,25,62.0,1.0689655172413792,58.0,8700,24.8,2.14,6.67,6324.42
26,26,59.0,1.0727272727272728,55.0,8250,23.6,2.15,6.52,5997.54
27,27,60.0,2.0689655172413794,29.0,4350,24.0,4.14,4.3,3195.56
28,28,34.5,0.69,50.0,7500,13.8,1.38,6.67,5430.3
29,29,94.0,2.764705882352941,34.0,5100,37.6,5.53,3.84,3773.72
30,30,31.0,2.066666666666667,15.0,2250,12.4,4.13,3.64,1652.84
31,31,20.0,2.5,8.0,1200,8.0,5.0,2.88,885.5
32,32,75.0,1.5957446808510638,47.0,7050,30.0,3.19,5.62,5153.44
33,33,80.0,1.2903225806451613,62.0,9300,32.0,2.58,6.63,6776.37
34,34,55.0,1.9642857142857142,28.0,4200,22.0,3.93,4.36,3082.0
35,35,52.5,1.640625,32.0,4800,21.0,3.28,4.87,3510.37
36,36,47.5,1.9,25.0,3750,19.0,3.8,4.28,2749.94
37,37,53.0,1.65625,32.0,4800,21.2,3.31,4.85,3510.95
38,38,87.0,1.5818181818181818,55.0,8250,34.8,3.16,6.01,6029.74
39,39,68.5,1.957142857142857,35.0,5250,27.4,3.91,4.7,3852.21
40,40,74.0,1.3962264150943395,53.0,7950,29.6,2.79,6.1,5799.16
41,41,47.0,1.146341463414634,41.0,6150,18.8,2.29,5.79,4474.36
42,42,39.0,2.0526315789473686,19.0,2850,15.6,4.11,3.84,2093.29
43,43,27.0,2.25,12.0,1800,10.8,4.5,3.32,1324.8
44,44,6.0,1.5,4.0,600,2.4,3.0,3.69,438.15
45,45,33.5,1.5952380952380953,21.0,3150,13.4,3.19,4.4,2302.59
46,46,16.0,1.4545454545454546,11.0,1650,6.4,2.91,4.06,1204.34
47,47,6.0,1.2,5.0,750,2.4,2.4,4.04,545.96
48,48,83.0,2.024390243902439,41.0,6150,33.2,4.05,4.91,4515.76
49,49,117.0,2.207547169811321,53.0,7950,46.8,4.42,5.29,5848.61
50,50,22.0,2.0,11.0,1650,8.8,4.0,3.52,1211.24
51,51,89.5,1.9042553191489362,47.0,7050,35.8,3.81,5.31,5170.11
52,52,59.0,1.9666666666666666,30.0,4500,23.6,3.93,4.45,3302.22
53,53,65.5,1.9848484848484849,33.0,4950,26.2,3.97,4.57,3633.14
54,54,18.5,1.6818181818181819,11.0,1650,7.4,3.36,3.84,1207.21
55,55,13.0,1.8571428571428572,7.0,1050,5.2,3.71,3.48,769.64
56,56,74.0,2.0,37.0,5550,29.6,4.0,4.75,4074.16
57,57,32.5,1.625,20.0,3000,13.0,3.25,4.32,2193.62
58,58,19.0,1.9,10.0,1500,7.6,3.8,3.57,1099.97
59,59,7.0,1.75,4.0,600,2.8,3.5,3.44,439.3
60,60,0.0,0.0,0.0,0,0.0,0.0,5.0,0.0
61,61,79.5,1.9390243902439024,41.0,6150,31.8,3.88,4.99,4511.74
62,62,1.0,1.0,1.0,150,0.4,2.0,4.05,108.96
63,63,90.0,2.0454545454545454,44.0,6600,36.0,4.09,5.03,4847.25
64,64,106.0,2.0,53.0,7950,42.4,4.0,5.5,5835.96
65,65,67.5,1.4361702127659575,47.0,7050,27.0,2.87,5.78,5144.81
66,66,33.0,1.8333333333333333,18.0,2700,13.2,3.67,4.01,1978.57
67,67,110.0,1.4473684210526316,76.0,11400,44.0,2.89,7.14,8320.25
68,68,77.5,1.3135593220338984,59.0,8850,31.0,2.63,6.47,6450.06
69,69,91.0,1.5423728813559323,59.0,8850,36.4,3.08,6.24,6465.59
70,70,19.0,1.4615384615384615,13.0,1950,7.6,2.92,4.15,1423.41
71,71,2.0,1.0,2.0,300,0.8,2.0,4.09,217.92
72,72,1.0,1.0,1.0,150,0.4,2.0,4.05,108.96
73,73,2.0,1.0,2.0,300,0.8,2.0,4.09,217.92
74,74,30.0,1.6666666666666667,18.0,2700,12.0,3.33,4.18,1975.12
75,75,1.0,1.0,1.0,150,0.4,2.0,4.05,108.96
76,76,2.0,1.0,2.0,300,0.8,2.0,4.09,217.92
77,77,27.0,1.6875,16.0,2400,10.8,3.38,4.06,1756.05
78,78,5.0,1.0,5.0,750,2.0,2.0,4.24,544.81
79,79,1.0,1.0,1.0,150,0.4,2.0,4.05,108.96
80,80,2.0,1.0,2.0,300,0.8,2.0,4.09,217.92
81,81,29.0,1.9333333333333333,15.0,2250,11.6,3.87,3.77,1650.54
82,82,12.5,2.5,5.0,750,5.0,5.0,2.74,553.44
83,83,0.0,0.0,0.0,0,0.0,0.0,5.0,0.0
84,84,60.5,2.240740740740741,27.0,4050,24.2,4.48,4.03,2980.51
85,85,5.0,1.6666666666666667,3.0,450,2.0,3.33,3.48,329.19
86,86,31.5,2.25,14.0,2100,12.6,4.5,3.41,1545.6
87,87,5.0,0.8333333333333334,6.0,900,2.0,1.67,4.45,652.62
88,88,45.5,0.7583333333333333,60.0,9000,18.2,1.52,7.07,6521.07
89,89,33.0,1.1,30.0,4500,13.2,2.2,5.32,3272.32
90,90,53.5,1.1382978723404256,47.0,7050,21.4,2.28,6.08,5128.71
91,91,70.0,1.627906976744186,43.0,6450,28.0,3.26,5.4,4716.44
92,92,19.0,1.4615384615384615,13.0,1950,7.6,2.92,4.15,1423.41
93,93,4.0,1.0,4.0,600,1.6,2.0,4.19,435.85
94,94,18.0,1.5,12.0,1800,7.2,3.0,4.07,1314.45
95,95,25.0,1.0,25.0,3750,10.0,2.0,5.18,2724.06
96,96,1.0,1.0,1.0,150,0.4,2.0,4.05,108.96
97,97,2.0,1.0,2.0,300,0.8,2.0,4.09,217.92
